,FIPS,2013 Rural-urban Continuum Code,Population_2010,Civilian_labor_force_2020,Unemployment_rate_2020,Median_Household_Income_2019,Med_HH_Income_Percent_of_State_Total_2019,Cluster,State,Brewery_Count
0,1001,2.0,54571,25838,4.9,58233,112.5,0,AL,0.0
1,1003,3.0,182265,96763,5.6,59871,115.6,0,AL,3.0
4,1009,1.0,57322,24661,4.1,52902,102.2,0,AL,0.0
10,1021,1.0,43643,19592,5.0,49692,96.0,0,AL,0.0
15,1031,4.0,49948,21502,4.4,57299,110.7,0,AL,0.0
25,1051,2.0,79303,36620,4.9,62310,120.4,0,AL,0.0
36,1073,1.0,658466,315957,6.2,54127,104.6,0,AL,13.0
40,1081,3.0,140247,75564,5.2,54160,104.6,0,AL,2.0
41,1083,2.0,82782,44624,4.3,64729,125.0,0,AL,0.0
44,1089,2.0,334811,187247,4.6,68609,132.5,0,AL,12.0
48,1097,2.0,412992,190882,7.9,49492,95.6,0,AL,4.0
50,1101,2.0,229363,107103,7.8,52711,101.8,0,AL,2.0
51,1103,3.0,119490,58899,4.5,54355,105.0,0,AL,0.0
57,1115,1.0,83593,40132,4.9,65403,126.3,0,AL,0.0
58,1117,1.0,195085,114048,3.9,77801,150.3,0,AL,3.0
62,1125,3.0,194656,102222,6.6,52307,101.0,0,AL,2.0
67,2020,2.0,291826,148392,7.4,82512,106.9,0,AK,13.0
69,2060,9.0,997,417,7.4,87950,113.9,0,AK,0.0
71,2090,3.0,97581,44679,6.4,74076,95.9,0,AK,4.0
73,2110,5.0,31275,16374,6.6,85419,110.6,0,AK,5.0
76,2150,7.0,13592,6090,6.2,79669,103.2,0,AK,1.0
77,2170,2.0,88995,47848,8.3,75856,98.3,0,AK,6.0
79,2185,7.0,9430,3200,5.9,84784,109.8,0,AK,0.0
81,2220,7.0,8881,4132,6.9,80660,104.5,0,AK,1.0
94,4019,2.0,980263,495991,7.7,56150,90.5,0,AZ,20.0
95,4021,1.0,375770,191074,7.5,62067,100.1,0,AZ,1.0
102,5007,2.0,221339,140015,4.5,70775,144.4,0,AR,10.0
111,5025,3.0,8689,3203,6.1,53773,109.7,0,AR,0.0
121,5045,2.0,113237,61682,5.4,58482,119.3,0,AR,0.0
125,5053,2.0,17853,8222,5.2,58566,119.5,0,AR,0.0
141,5085,2.0,68356,33550,5.5,62782,128.1,0,AR,0.0
151,5105,2.0,10445,4188,5.5,50560,103.1,0,AR,0.0
158,5119,2.0,382748,188928,7.4,52684,107.5,0,AR,9.0
161,5125,2.0,107118,58181,5.1,66944,136.6,0,AR,1.0
164,5131,2.0,125744,56158,6.0,48945,99.8,0,AR,1.0
170,5143,2.0,203065,126141,4.6,52158,106.4,0,AR,11.0
180,6013,1.0,1049025,541256,8.9,106555,132.5,0,CA,14.0
182,6017,1.0,181058,90752,8.3,86202,107.2,0,CA,13.0
194,6041,1.0,252409,130138,6.7,112069,139.3,0,CA,6.0
200,6053,2.0,415057,213471,10.8,76509,95.1,0,CA,6.0
201,6055,3.0,136484,68867,8.7,90230,112.2,0,CA,8.0
204,6061,1.0,348432,184892,7.3,97688,121.5,0,CA,15.0
207,6067,1.0,1418788,707182,9.3,71891,89.4,0,CA,36.0
208,6069,1.0,55269,31528,9.9,84209,104.7,0,CA,3.0
211,6075,1.0,805235,556056,7.8,121795,151.4,0,CA,34.0
212,6077,2.0,685306,331828,11.3,68458,85.1,0,CA,7.0
213,6079,2.0,269637,132690,7.7,76599,95.2,0,CA,30.0
214,6081,1.0,718451,433876,6.9,135234,168.2,0,CA,11.0
215,6083,2.0,423895,217510,8.0,74530,92.7,0,CA,21.0
217,6087,2.0,262382,133646,9.5,85770,106.6,0,CA,12.0
221,6095,2.0,413344,202812,9.5,85704,106.6,0,CA,7.0
222,6097,2.0,483878,245091,7.9,87084,108.3,0,CA,28.0
229,6111,2.0,823318,408867,8.6,91446,113.7,0,CA,22.0
230,6113,1.0,200849,105026,7.5,70951,88.2,0,CA,11.0
232,8001,1.0,441603,274498,8.0,75341,97.7,0,CO,11.0
234,8005,1.0,572003,366768,7.9,82364,106.8,0,CO,24.0
238,8013,2.0,294567,192879,6.2,88341,114.6,0,CO,44.0
241,8019,1.0,9088,6151,8.5,79900,103.6,0,CO,4.0
247,8031,1.0,600158,423824,8.2,75456,97.9,0,CO,79.0
249,8035,1.0,285465,194649,5.8,123697,160.4,0,CO,16.0
250,8037,5.0,52197,35708,9.5,89268,115.8,0,CO,6.0
251,8039,1.0,23086,14961,4.7,101733,131.9,0,CO,1.0
252,8041,2.0,622263,344120,7.3,72675,94.3,0,CO,33.0
254,8045,5.0,56389,31762,6.8,73788,95.7,0,CO,4.0
255,8047,1.0,5441,4016,11.3,74806,97.0,0,CO,2.0
261,8059,1.0,534543,333682,7.1,89696,116.3,0,CO,39.0
265,8067,4.0,51334,31366,6.8,77829,100.9,0,CO,6.0
266,8069,2.0,299630,203683,6.3,75332,97.7,0,CO,44.0
278,8093,1.0,16206,11114,5.7,77221,100.2,0,CO,2.0
280,8097,7.0,17148,11253,10.5,92820,120.4,0,CO,1.0
285,8107,7.0,23509,16206,7.9,87691,113.7,0,CO,5.0
290,8117,5.0,27994,22402,9.8,86570,112.3,0,CO,9.0
291,8119,2.0,23350,12984,7.5,70599,91.6,0,CO,2.0
293,8123,2.0,252825,166666,7.0,78160,101.4,0,CO,21.0
295,9001,2.0,916829,466208,7.9,96966,122.9,0,CT,15.0
296,9003,1.0,894014,476115,8.1,75336,95.5,0,CT,33.0
297,9005,4.0,189927,102109,6.9,81015,102.7,0,CT,11.0
298,9007,1.0,165676,92221,6.5,81721,103.5,0,CT,7.0
299,9009,2.0,862477,457171,8.0,69687,88.3,0,CT,31.0
300,9011,2.0,274055,131992,9.6,75226,95.3,0,CT,17.0
301,9013,1.0,152691,84598,6.2,90181,114.3,0,CT,2.0
304,10003,1.0,538479,298640,7.7,76076,108.1,0,DE,18.0
305,10005,2.0,197145,106004,7.5,64839,92.2,0,DE,15.0
306,11001,1.0,601723,409734,8.0,90395,100.0,0,DC,14.0
308,12003,1.0,27115,11759,4.9,60454,102.1,0,FL,0.0
309,12005,3.0,168852,82763,6.1,58376,98.6,0,FL,2.0
311,12009,2.0,543376,281591,6.6,57582,97.3,0,FL,9.0
316,12019,1.0,190865,105658,5.4,75776,128.0,0,FL,1.0
317,12021,2.0,321520,177497,6.9,76415,129.1,0,FL,4.0
321,12031,1.0,864263,485114,6.7,58339,98.5,0,FL,19.0
323,12035,2.0,95696,46636,7.6,62831,106.1,0,FL,1.0
334,12057,1.0,1229226,754552,7.1,61133,103.3,0,FL,31.0
336,12061,3.0,138028,64233,7.4,61173,103.3,0,FL,5.0
340,12069,1.0,297052,154028,8.9,57660,97.4,0,FL,5.0
341,12071,2.0,618754,345417,7.3,62364,105.3,0,FL,13.0
342,12073,2.0,275487,150626,5.8,55081,93.0,0,FL,7.0
346,12081,2.0,322833,176496,6.8,64151,108.4,0,FL,7.0
348,12085,2.0,146318,72180,6.1,70806,119.6,0,FL,0.0
350,12087,4.0,73090,44755,7.9,67528,114.1,0,FL,5.0
351,12089,1.0,73314,41338,5.7,72818,123.0,0,FL,3.0
352,12091,3.0,180822,96010,5.5,63520,107.3,0,FL,8.0
354,12095,1.0,1145956,737546,10.6,63133,106.6,0,FL,22.0
356,12099,1.0,1320134,717379,7.6,66621,112.5,0,FL,17.0
357,12101,1.0,464697,238327,7.2,55745,94.2,0,FL,8.0
358,12103,1.0,916542,484330,7.0,56708,95.8,0,FL,45.0
361,12109,1.0,190039,133843,5.3,90839,153.4,0,FL,4.0
362,12111,2.0,277789,145363,7.8,57292,96.8,0,FL,3.0
363,12113,2.0,151372,82647,5.2,66139,111.7,0,FL,4.0
364,12115,2.0,379448,184464,6.8,66258,111.9,0,FL,6.0
365,12117,1.0,422718,237769,7.2,69954,118.2,0,FL,7.0
366,12119,3.0,93420,32225,7.9,63464,107.2,0,FL,2.0
370,12127,2.0,494593,249560,7.6,53554,90.5,0,FL,10.0
371,12129,2.0,30776,14885,4.5,58640,99.1,0,FL,1.0
372,12131,3.0,55043,31957,5.9,62600,105.7,0,FL,3.0
380,13013,1.0,69367,40112,5.1,68924,111.3,0,GA,0.0
381,13015,1.0,100157,49719,6.2,60254,97.3,0,GA,2.0
388,13029,2.0,30233,18718,5.3,79296,128.0,0,GA,0.0
395,13045,1.0,110527,54475,6.4,59193,95.5,0,GA,1.0
396,13047,2.0,63942,32611,4.3,60753,98.1,0,GA,0.0
398,13051,2.0,265128,140631,7.6,57122,92.2,0,GA,6.0
401,13057,1.0,214346,133045,4.9,88635,143.1,0,GA,5.0
406,13067,1.0,688078,414357,5.9,79622,128.5,0,GA,13.0
409,13073,2.0,124053,74411,4.2,88285,142.5,0,GA,0.0
411,13077,1.0,127317,73981,6.2,79232,127.9,0,GA,1.0
415,13085,1.0,22330,12319,4.7,69155,111.6,0,GA,0.0
417,13089,1.0,691893,395683,8.0,63606,102.7,0,GA,20.0
421,13097,1.0,132403,72297,7.4,62915,101.6,0,GA,0.0
424,13103,2.0,52250,31400,5.0,71628,115.6,0,GA,0.0
429,13113,1.0,106567,56444,5.4,94563,152.6,0,GA,1.0
431,13117,1.0,175511,120904,4.6,113332,182.9,0,GA,2.0
433,13121,1.0,920581,557232,8.0,79235,127.9,0,GA,38.0
440,13135,1.0,805321,481453,6.3,72225,116.6,0,GA,14.0
442,13139,3.0,179684,101949,4.7,66698,107.7,0,GA,1.0
445,13145,2.0,32024,16527,4.6,74052,119.5,0,GA,0.0
448,13151,1.0,203922,115352,7.4,72927,117.7,0,GA,0.0
449,13153,3.0,139900,70418,5.2,65641,106.0,0,GA,0.0
451,13157,4.0,60485,39648,4.4,66645,107.6,0,GA,1.0
452,13159,1.0,13900,6756,4.9,59207,95.6,0,GA,0.0
458,13171,1.0,18317,7980,6.3,57402,92.7,0,GA,0.0
461,13177,3.0,28298,14763,4.6,72425,116.9,0,GA,0.0
475,13207,3.0,26424,12700,5.1,70488,113.8,0,GA,1.0
477,13211,1.0,17868,9142,5.4,67089,108.3,0,GA,1.0
480,13217,1.0,99958,51901,7.1,58222,94.0,0,GA,0.0
481,13219,3.0,32808,19208,3.8,100878,162.8,0,GA,1.0
483,13223,1.0,142324,85313,5.4,76580,123.6,0,GA,1.0
485,13227,1.0,29431,14927,4.8,66183,106.8,0,GA,2.0
487,13231,1.0,17869,8705,5.0,74905,120.9,0,GA,0.0
495,13247,1.0,85215,43989,7.6,60281,97.3,0,GA,0.0
520,13297,1.0,83768,44917,5.4,67007,108.2,0,GA,0.0
534,15003,2.0,953207,440915,10.2,86946,103.8,0,HI,16.0
537,16001,2.0,392365,257677,5.4,72295,118.8,0,ID,25.0
543,16013,7.0,21376,12666,7.8,75778,124.6,0,ID,3.0
544,16015,2.0,7028,3609,8.0,64443,105.9,0,ID,0.0
546,16019,3.0,104234,58136,4.0,65165,107.1,0,ID,2.0
550,16027,2.0,188923,105981,5.9,58670,96.4,0,ID,6.0
562,16051,3.0,26140,14142,3.4,63078,103.7,0,ID,0.0
564,16055,3.0,138494,81286,6.9,62764,103.2,0,ID,10.0
571,16069,3.0,39265,20793,4.9,67645,111.2,0,ID,1.0
584,17007,2.0,54165,25580,11.2,72426,104.6,0,IL,0.0
587,17013,1.0,5089,2228,7.6,63373,91.6,0,IL,0.0
594,17027,1.0,37762,19796,5.8,67201,97.1,0,IL,1.0
599,17037,1.0,105160,53031,8.2,64676,93.4,0,IL,2.0
602,17043,1.0,916924,484215,7.9,96354,139.2,0,IL,28.0
612,17063,1.0,50063,24269,8.8,83135,120.1,0,IL,0.0
622,17083,1.0,22985,10678,7.4,63351,91.5,0,IL,1.0
625,17089,1.0,515269,261649,9.1,84311,121.8,0,IL,14.0
627,17093,1.0,114736,66386,8.4,105586,152.6,0,IL,1.0
629,17097,1.0,703462,364544,8.1,92638,133.8,0,IL,21.0
636,17111,1.0,308760,158406,8.3,89379,129.1,0,IL,11.0
637,17113,3.0,169572,85103,6.8,69230,100.0,0,IL,5.0
640,17119,1.0,269282,131452,7.7,66591,96.2,0,IL,5.0
642,17123,2.0,12640,5085,7.4,63628,91.9,0,IL,0.0
645,17129,3.0,12705,6101,6.4,77306,111.7,0,IL,1.0
647,17133,1.0,32957,18386,5.6,90904,131.3,0,IL,2.0
654,17147,3.0,16729,8462,5.4,72265,104.4,0,IL,1.0
670,17179,2.0,135394,61977,8.1,66206,95.7,0,IL,0.0
679,17197,1.0,677560,344335,9.5,90249,130.4,0,IL,20.0
682,17203,2.0,38664,18012,6.1,77117,111.4,0,IL,1.0
684,18003,2.0,355329,184986,7.7,56838,98.6,0,IN,12.0
685,18005,3.0,76794,43802,6.5,71181,123.5,0,IN,3.0
688,18011,1.0,56640,35586,4.3,84137,146.0,0,IN,2.0
689,18013,1.0,15242,7568,6.7,59617,103.5,0,IN,1.0
690,18015,3.0,20155,9659,6.0,58965,102.3,0,IN,0.0
692,18019,1.0,110232,61138,7.2,59441,103.2,0,IN,2.0
697,18029,1.0,50047,25224,6.9,71351,123.8,0,IN,1.0
699,18033,4.0,42223,22116,6.9,59714,103.6,0,IN,1.0
701,18037,5.0,41889,22595,4.5,63869,110.9,0,IN,2.0
702,18039,3.0,197559,110494,7.5,55782,96.8,0,IN,5.0
704,18043,1.0,74578,41093,6.5,64614,112.1,0,IN,5.0
706,18047,6.0,23087,11270,5.9,67315,116.8,0,IN,0.0
711,18057,1.0,274569,182979,4.7,107710,186.9,0,IN,13.0
712,18059,1.0,70002,40363,5.6,77905,135.2,0,IN,2.0
713,18061,1.0,39364,19874,6.3,64270,111.5,0,IN,1.0
714,18063,1.0,145448,89386,5.0,85827,149.0,0,IN,3.0
718,18071,4.0,42376,23066,7.2,59472,103.2,0,IN,2.0
719,18073,1.0,33478,15583,7.0,65352,113.4,0,IN,1.0
723,18081,1.0,139654,82335,5.6,74427,129.2,0,IN,7.0
725,18085,4.0,77358,41420,6.1,64677,112.3,0,IN,3.0
726,18087,6.0,37128,19178,6.4,70746,122.8,0,IN,1.0
727,18089,1.0,496005,225185,10.3,57280,99.4,0,IN,16.0
731,18097,1.0,903393,495063,7.9,50707,88.0,0,IN,31.0
737,18109,1.0,68894,35605,5.4,63414,110.1,0,IN,2.0
738,18111,1.0,14244,6591,6.9,61457,106.7,0,IN,0.0
740,18115,1.0,6128,3157,7.4,58294,101.2,0,IN,0.0
746,18127,1.0,164343,83987,8.1,74064,128.5,0,IN,5.0
747,18129,2.0,25910,12834,4.9,68435,118.8,0,IN,1.0
749,18133,1.0,37963,16336,6.2,64098,111.2,0,IN,1.0
755,18145,1.0,44436,23086,7.1,59798,103.8,0,IN,0.0
762,18159,6.0,15936,9019,6.1,69960,121.4,0,IN,0.0
763,18161,1.0,7516,3443,5.5,53866,93.5,0,IN,1.0
769,18173,2.0,59689,31654,5.4,79644,138.2,0,IN,0.0
772,18179,2.0,27636,14006,5.7,61636,107.0,0,IN,0.0
774,18183,2.0,33292,17155,5.9,67347,116.9,0,IN,1.0
780,19011,2.0,26076,12924,5.0,70023,113.3,0,IA,0.0
781,19013,3.0,131090,67318,6.2,60010,97.1,0,IA,5.0
783,19017,3.0,24276,13500,3.9,67229,108.8,0,IA,1.0
790,19031,6.0,18499,10368,4.4,71029,114.9,0,IA,0.0
799,19049,2.0,66135,49406,3.6,97535,157.8,0,IA,1.0
805,19061,3.0,93653,54877,5.9,62481,101.1,0,IA,5.0
812,19075,3.0,12453,6273,4.4,73683,119.2,0,IA,1.0
813,19077,2.0,10954,5409,5.0,64965,105.1,0,IA,0.0
817,19085,2.0,14928,7060,4.0,63901,103.4,0,IA,1.0
826,19103,3.0,130882,84088,4.8,67295,108.9,0,IA,6.0
827,19105,2.0,20638,10253,5.7,63399,102.6,0,IA,0.0
831,19113,2.0,211226,118853,6.4,64783,104.8,0,IA,9.0
835,19121,2.0,15679,8347,5.7,72578,117.4,0,IA,1.0
839,19129,2.0,15059,7150,3.9,72679,117.6,0,IA,2.0
844,19139,4.0,42745,21053,6.0,61767,99.9,0,IA,1.0
849,19149,3.0,24986,14284,3.6,69165,111.9,0,IA,0.0
851,19153,2.0,430640,264807,6.0,67331,108.9,0,IA,16.0
852,19155,2.0,93158,47249,5.2,60322,97.6,0,IA,1.0
856,19163,2.0,165224,86403,6.8,65724,106.3,0,IA,9.0
859,19169,3.0,89542,56458,3.6,64151,103.8,0,IA,3.0
865,19181,2.0,46225,27577,4.6,79557,128.7,0,IA,4.0
866,19183,3.0,21704,11490,4.1,63230,102.3,0,IA,1.0
871,19193,3.0,102172,54467,5.3,58419,94.5,0,IA,3.0
881,20015,2.0,65880,32533,6.5,66199,106.7,0,KS,1.0
896,20045,3.0,110826,64225,6.1,62559,100.9,0,KS,6.0
913,20079,2.0,34684,16930,5.3,62961,101.5,0,KS,0.0
916,20085,3.0,13462,7213,5.4,60615,97.7,0,KS,0.0
917,20087,3.0,19126,10207,4.9,68549,110.5,0,KS,0.0
919,20091,1.0,544179,342146,5.1,91913,148.2,0,KS,8.0
921,20095,2.0,7858,3343,5.2,56907,91.7,0,KS,0.0
925,20103,1.0,76227,36746,5.8,75840,122.3,0,KS,0.0
927,20107,1.0,9656,4379,7.0,62876,101.4,0,KS,0.0
934,20121,1.0,32787,17681,5.0,74428,120.0,0,KS,0.0
948,20149,3.0,21604,11981,4.3,73685,118.8,0,KS,0.0
960,20173,2.0,498365,257217,8.7,60014,96.8,0,KS,12.0
962,20177,3.0,177934,91343,5.9,59451,95.8,0,KS,5.0
972,20197,3.0,7053,3677,4.2,66168,106.7,0,KS,0.0
986,21015,1.0,118811,70071,5.4,78806,150.8,0,KY,1.0
990,21023,1.0,8488,3744,6.2,53289,102.0,0,KY,0.0
993,21029,1.0,74319,42031,6.4,66335,126.9,0,KY,0.0
997,21037,1.0,90336,49647,5.6,66520,127.3,0,KY,5.0
1003,21049,2.0,35613,17006,6.6,55428,106.1,0,KY,1.0
1008,21059,3.0,96656,45710,6.1,52620,100.7,0,KY,1.0
1012,21067,2.0,295803,172284,5.7,58981,112.9,0,KY,9.0
1015,21073,4.0,49285,24745,6.6,58917,112.7,0,KY,3.0
1017,21077,1.0,8589,4012,6.0,55273,105.8,0,KY,0.0
1019,21081,1.0,24662,11525,7.1,55210,105.7,0,KY,0.0
1024,21091,3.0,8565,3808,6.1,60626,116.0,0,KY,0.0
1025,21093,3.0,105543,47581,7.1,57711,110.4,0,KY,1.0
1029,21101,2.0,46250,20921,6.1,53199,101.8,0,KY,1.0
1030,21103,1.0,15416,8071,5.7,51806,99.1,0,KY,0.0
1034,21111,1.0,741096,390487,6.8,59025,113.0,0,KY,23.0
1035,21113,2.0,48586,26160,5.6,62533,119.7,0,KY,0.0
1037,21117,1.0,159720,86062,5.8,68692,131.5,0,KY,2.0
1060,21163,3.0,28602,11749,7.1,54946,105.1,0,KY,0.0
1068,21179,6.0,43437,22755,6.9,64795,124.0,0,KY,1.0
1071,21185,1.0,60316,32438,4.8,101152,193.6,0,KY,0.0
1074,21191,1.0,14877,6803,5.2,58962,112.8,0,KY,0.0
1083,21209,2.0,47173,29378,6.3,74719,143.0,0,KY,0.0
1084,21211,1.0,42074,25191,5.5,71737,137.3,0,KY,0.0
1086,21215,1.0,17061,10254,5.8,79863,152.8,0,KY,0.0
1090,21223,1.0,8809,3789,6.8,58998,112.9,0,KY,0.0
1092,21227,3.0,113792,63256,6.6,53238,101.9,0,KY,1.0
1098,21239,2.0,24939,14929,5.0,67815,129.8,0,KY,1.0
1101,22005,2.0,107215,64136,6.7,83072,162.5,0,LA,1.0
1106,22015,2.0,116979,56750,6.4,54080,105.8,0,LA,1.0
1110,22023,3.0,6839,3520,5.7,60317,118.0,0,LA,0.0
1115,22033,2.0,440171,228974,7.8,56303,110.2,0,LA,3.0
1124,22051,1.0,432552,211563,9.3,55909,109.4,0,LA,0.0
1126,22055,2.0,221578,113811,7.1,60053,117.5,0,LA,2.0
1127,22057,3.0,96318,41475,6.5,54145,105.9,0,LA,1.0
1130,22063,2.0,128026,68265,6.4,63852,124.9,0,LA,1.0
1136,22075,1.0,23042,9649,7.0,60795,119.0,0,LA,0.0
1143,22089,1.0,52780,24644,7.8,71579,140.1,0,LA,0.0
1145,22093,1.0,22102,9058,9.7,57250,112.0,0,LA,0.0
1150,22103,1.0,233740,116466,6.8,71526,140.0,0,LA,4.0
1159,22121,2.0,23788,13502,7.2,65344,127.9,0,LA,0.0
1161,22125,2.0,15625,5276,5.4,65296,127.8,0,LA,0.0
1163,23001,3.0,107702,54470,5.5,58958,100.2,0,ME,5.0
1165,23005,2.0,281674,160863,5.3,75254,127.9,0,ME,40.0
1174,23023,2.0,35293,19259,4.7,65841,111.9,0,ME,2.0
1178,23031,2.0,197131,110884,5.4,66803,113.6,0,ME,18.0
1180,24003,1.0,537656,310413,5.8,100916,116.5,0,MD,5.0
1181,24005,1.0,805029,445695,6.8,76972,88.8,0,MD,9.0
1182,24009,1.0,88737,48543,5.2,111056,128.2,0,MD,7.0
1184,24013,1.0,167134,93073,5.1,101810,117.5,0,MD,7.0
1185,24015,1.0,101108,52083,5.9,75307,86.9,0,MD,6.0
1186,24017,1.0,146551,86099,6.7,102510,118.3,0,MD,1.0
1188,24021,1.0,233385,132867,5.9,102951,118.8,0,MD,16.0
1190,24025,1.0,244826,138337,5.8,91492,105.6,0,MD,7.0
1191,24027,1.0,287085,184474,5.2,121329,140.0,0,MD,6.0
1193,24031,1.0,971777,548398,6.3,110012,127.0,0,MD,11.0
1194,24033,1.0,863420,504276,8.2,85357,98.5,0,MD,4.0
1195,24035,1.0,47798,27202,5.5,101350,117.0,0,MD,4.0
1196,24037,3.0,105151,57281,4.8,89123,102.9,0,MD,2.0
1203,25001,3.0,215888,108128,10.2,82686,96.5,0,MA,7.0
1205,25005,1.0,548285,293532,10.2,69857,81.5,0,MA,12.0
1207,25009,1.0,743159,414660,9.8,83253,97.1,0,MA,22.0
1210,25015,2.0,158080,85661,7.2,74142,86.5,0,MA,15.0
1212,25019,7.0,10172,7664,10.3,96030,112.1,0,MA,1.0
1213,25021,1.0,670850,380061,8.3,106851,124.7,0,MA,10.0
1214,25023,1.0,494919,276733,9.5,90584,105.7,0,MA,12.0
1215,25025,1.0,722023,446558,9.7,75843,88.5,0,MA,14.0
1216,25027,2.0,798552,432005,8.8,77795,90.8,0,MA,30.0
1219,26005,4.0,111408,62253,7.3,66568,111.8,0,MI,9.0
1224,26015,2.0,59173,31350,7.4,67703,113.7,0,MI,3.0
1235,26037,2.0,75382,40089,6.6,72666,122.1,0,MI,3.0
1239,26045,2.0,107759,56112,7.7,65891,110.7,0,MI,6.0
1244,26055,5.0,86986,48974,8.4,65041,109.3,0,MI,14.0
1249,26065,2.0,280895,146960,7.5,54704,91.9,0,MI,9.0
1255,26077,2.0,250331,131618,7.2,56739,95.3,0,MI,18.0
1257,26081,2.0,602622,357123,7.6,66560,111.8,0,MI,45.0
1260,26087,1.0,88319,40138,12.5,66415,111.6,0,MI,1.0
1263,26093,1.0,180967,99598,8.8,87827,147.6,0,MI,7.0
1266,26099,1.0,840978,439510,12.0,65051,109.3,0,MI,13.0
1272,26111,3.0,83629,39706,7.5,69859,117.4,0,MI,1.0
1274,26115,3.0,152021,74397,8.9,64341,108.1,0,MI,1.0
1279,26125,1.0,1202362,648742,9.3,81257,136.5,0,MI,35.0
1286,26139,2.0,263801,158936,6.8,69827,117.3,0,MI,23.0
1296,26159,2.0,76258,34835,8.3,58733,98.7,0,MI,10.0
1297,26161,2.0,344791,193659,6.4,76728,128.9,0,MI,19.0
1301,27003,1.0,330844,198304,6.3,83363,111.9,0,MN,7.0
1308,27017,2.0,35386,17715,7.2,65749,88.2,0,MN,1.0
1309,27019,1.0,91042,58673,5.2,101891,136.7,0,MN,5.0
1312,27025,1.0,53887,30083,6.6,84811,113.8,0,MN,0.0
1318,27037,1.0,398552,242394,6.2,89075,119.5,0,MN,7.0
1319,27039,3.0,20087,12042,5.4,86436,116.0,0,MN,1.0
1324,27049,4.0,46183,26659,5.9,71497,95.9,0,MN,3.0
1326,27053,1.0,1152425,710270,6.6,82323,110.5,0,MN,52.0
1329,27059,1.0,37816,21430,6.8,77963,104.6,0,MN,1.0
1339,27079,1.0,27703,16186,6.8,75519,101.3,0,MN,1.0
1351,27103,3.0,32727,20752,4.8,71067,95.4,0,MN,1.0
1354,27109,3.0,144248,91030,5.4,80631,108.2,0,MN,5.0
1361,27123,1.0,508640,290181,6.9,68652,92.1,0,MN,24.0
1365,27131,4.0,64142,37193,5.2,72438,97.2,0,MN,4.0
1369,27139,1.0,129928,83897,5.9,108718,145.9,0,MN,5.0
1370,27141,1.0,88499,52434,6.1,95323,127.9,0,MN,2.0
1371,27143,1.0,15226,8373,5.5,66757,89.6,0,MN,0.0
1372,27145,3.0,150642,90863,5.7,66449,89.2,0,MN,7.0
1381,27163,1.0,238136,143583,5.6,100857,135.3,0,MN,3.0
1385,27171,1.0,124700,75721,5.5,91374,122.6,0,MN,4.0
1403,28033,1.0,161252,90498,6.0,67450,146.9,0,MS,0.0
1409,28045,2.0,43929,18692,8.5,50401,109.7,0,MS,1.0
1416,28059,2.0,139668,58435,9.5,53414,116.3,0,MS,3.0
1422,28071,4.0,47351,26570,6.1,54034,117.6,0,MS,0.0
1423,28073,3.0,55658,30544,6.0,62606,136.3,0,MS,0.0
1431,28089,2.0,95203,52376,6.6,70824,154.2,0,MS,0.0
1447,28121,2.0,141617,74377,5.3,67284,146.5,0,MS,0.0
1455,28137,1.0,28886,11990,7.7,50188,109.3,0,MS,0.0
1470,29003,3.0,17291,9749,4.0,62823,109.5,0,MO,0.0
1478,29019,3.0,162642,96381,4.2,58029,101.1,0,MO,5.0
1481,29025,1.0,9424,4279,5.4,52872,92.2,0,MO,1.0
1482,29027,3.0,44332,21366,4.5,58720,102.3,0,MO,0.0
1484,29031,3.0,75674,40333,5.2,57618,100.4,0,MO,3.0
1487,29037,1.0,99478,54079,5.3,73882,128.8,0,MO,2.0
1490,29043,2.0,77422,45241,4.9,63400,110.5,0,MO,1.0
1492,29047,1.0,221939,136568,6.1,70705,123.2,0,MO,9.0
1493,29049,1.0,20743,10564,5.9,64541,112.5,0,MO,0.0
1494,29051,3.0,75990,39151,4.4,61847,107.8,0,MO,2.0
1504,29071,1.0,101492,52661,6.2,61428,107.1,0,MO,4.0
1516,29095,1.0,674158,360213,7.1,57907,100.9,0,MO,29.0
1518,29099,1.0,218733,116774,6.1,68779,119.9,0,MO,2.0
1522,29107,1.0,33381,16582,5.3,62264,108.5,0,MO,0.0
1525,29113,1.0,52566,28723,6.3,69178,120.6,0,MO,0.0
1544,29151,3.0,13878,7078,3.6,60728,105.8,0,MO,0.0
1551,29165,1.0,89322,58458,5.4,84456,147.2,0,MO,1.0
1557,29177,1.0,23494,10966,6.9,61678,107.5,0,MO,0.0
1560,29183,1.0,360485,224521,5.2,89236,155.5,0,MO,10.0
1564,29189,1.0,998954,524721,6.3,70161,122.3,0,MO,10.0
1577,29219,1.0,32513,18207,5.8,63726,111.1,0,MO,0.0
1580,29225,2.0,36202,17322,5.3,54844,95.6,0,MO,0.0
1588,30009,3.0,10078,5567,6.0,57585,100.6,0,MT,1.0
1598,30029,5.0,90928,49357,7.8,61334,107.1,0,MT,9.0
1599,30031,5.0,89513,70434,5.0,73731,128.8,0,MT,11.0
1608,30049,5.0,63395,36479,5.0,66075,115.4,0,MT,5.0
1615,30063,3.0,109299,64123,6.3,57279,100.1,0,MT,13.0
1625,30083,7.0,9746,5938,6.4,69095,120.7,0,MT,1.0
1639,30111,3.0,147972,83203,5.4,61435,107.3,0,MT,8.0
1649,31019,4.0,46102,27519,4.0,64759,102.3,0,NE,1.0
1652,31025,2.0,25241,13432,4.3,72915,115.2,0,NE,0.0
1661,31043,3.0,21006,10598,4.8,61010,96.4,0,NE,0.0
1667,31055,2.0,517110,300140,5.1,67264,106.3,0,NE,13.0
1680,31081,3.0,9124,4760,3.7,68236,107.8,0,NE,0.0
1694,31109,2.0,285407,177006,4.2,61383,97.0,0,NE,11.0
1716,31153,2.0,158840,96776,4.1,84016,132.7,0,NE,6.0
1717,31155,2.0,20780,11155,3.7,71086,112.3,0,NE,0.0
1719,31159,2.0,16750,8852,4.1,72291,114.2,0,NE,1.0
1728,31177,2.0,20234,11136,3.7,75197,118.8,0,NE,0.0
1735,32005,4.0,46997,22465,8.6,76296,120.6,0,NV,1.0
1736,32007,5.0,48818,26791,5.7,83287,131.6,0,NV,1.0
1740,32015,7.0,5775,3149,4.8,81239,128.4,0,NV,0.0
1746,32029,2.0,4010,2050,8.3,88003,139.1,0,NV,1.0
1747,32031,2.0,421407,254278,7.8,71733,113.4,0,NV,20.0
1750,33001,4.0,60088,31128,6.9,68752,87.5,0,NH,2.0
1755,33011,2.0,400721,240135,7.0,82862,105.5,0,NH,17.0
1756,33013,4.0,146445,82622,5.8,75800,96.5,0,NH,10.0
1757,33015,1.0,295223,185979,7.1,91416,116.3,0,NH,30.0
1758,33017,1.0,123143,73223,6.3,71486,91.0,0,NH,9.0
1761,34003,1.0,905116,477892,9.6,107971,125.9,0,NJ,4.0
1762,34005,1.0,448734,230784,8.2,88443,103.1,0,NJ,12.0
1763,34007,1.0,513657,256048,10.1,73168,85.3,0,NJ,14.0
1766,34013,1.0,783969,373943,11.7,64522,75.2,0,NJ,6.0
1767,34015,1.0,288288,151080,9.3,87996,102.6,0,NJ,11.0
1768,34017,1.0,634266,360498,10.6,77738,90.6,0,NJ,3.0
1769,34019,1.0,128349,63295,7.2,117275,136.7,0,NJ,6.0
1770,34021,2.0,366513,205405,7.4,79475,92.6,0,NJ,4.0
1771,34023,1.0,809858,436329,8.7,92770,108.1,0,NJ,5.0
1772,34025,1.0,630380,327712,8.8,102579,119.6,0,NJ,16.0
1773,34027,1.0,492276,252588,7.8,116328,135.6,0,NJ,6.0
1774,34029,1.0,576567,278413,9.5,75627,88.2,0,NJ,12.0
1775,34031,1.0,501226,245187,12.6,76039,88.6,0,NJ,2.0
1777,34035,1.0,323444,167938,7.8,112722,131.4,0,NJ,4.0
1778,34037,1.0,149265,73836,9.4,100281,116.9,0,NJ,4.0
1779,34039,1.0,536499,276211,9.9,79953,93.2,0,NJ,8.0
1780,34041,2.0,108692,55670,8.5,83998,97.9,0,NJ,6.0
1781,35001,2.0,662564,330645,8.1,56148,107.9,0,NM,43.0
1788,35015,5.0,53829,33700,6.9,63671,122.4,0,NM,4.0
1793,35025,5.0,64727,29545,11.0,63012,121.1,0,NM,1.0
1795,35028,6.0,17950,9974,3.7,122001,234.5,0,NM,1.0
1803,35043,2.0,131561,66325,8.6,71118,136.7,0,NM,9.0
1806,35049,3.0,144170,71346,8.3,61791,118.8,0,NM,8.0
1812,35061,2.0,76569,30167,8.2,54867,105.5,0,NM,1.0
1813,36001,2.0,304204,157326,7.2,69408,96.3,0,NY,12.0
1826,36027,1.0,297488,142061,7.7,84564,117.4,0,NY,15.0
1827,36029,1.0,919040,439291,9.5,60620,84.2,0,NY,29.0
1840,36055,1.0,744344,359299,8.6,62159,86.3,0,NY,26.0
1842,36059,1.0,1339532,698942,8.4,117767,163.5,0,NY,17.0
1846,36067,2.0,467026,220483,8.4,61597,85.5,0,NY,21.0
1847,36069,1.0,107931,54401,7.3,66754,92.7,0,NY,21.0
1848,36071,1.0,372813,183265,8.4,83188,115.5,0,NY,8.0
1852,36079,1.0,99710,50079,7.6,105600,146.6,0,NY,0.0
1854,36083,2.0,159429,80795,7.0,70688,98.1,0,NY,6.0
1855,36085,1.0,468730,211064,10.6,86624,120.2,0,NY,2.0
1856,36087,1.0,311687,152903,8.1,99831,138.6,0,NY,6.0
1858,36091,2.0,219607,119009,6.7,89071,123.6,0,NY,9.0
1859,36093,2.0,154727,76925,8.1,64960,90.2,0,NY,6.0
1868,36111,3.0,182493,86186,8.0,64090,89.0,0,NY,12.0
1871,36117,1.0,93772,42921,7.4,61989,86.1,0,NY,0.0
1872,36119,1.0,949113,477959,8.4,101741,141.2,0,NY,11.0
1874,36123,1.0,25348,11546,6.5,60612,84.1,0,NY,4.0
1875,37001,3.0,151131,80457,7.2,57963,101.0,0,NC,5.0
1884,37019,2.0,107431,52246,8.8,63712,111.0,0,NC,2.0
1885,37021,2.0,238318,136480,8.3,55448,96.6,0,NC,46.0
1887,37025,1.0,178011,108444,7.0,72071,125.6,0,NC,9.0
1890,37031,4.0,66469,31320,6.2,60058,104.7,0,NC,5.0
1893,37037,2.0,63505,35248,5.4,70258,122.4,0,NC,3.0
1901,37053,1.0,23547,13851,6.3,70699,123.2,0,NC,2.0
1902,37055,4.0,33920,19548,9.8,63033,109.8,0,NC,3.0
1904,37059,2.0,41240,20079,6.8,63828,111.2,0,NC,0.0
1906,37063,2.0,267587,170422,6.5,65541,114.2,0,NC,11.0
1908,37067,2.0,350670,184149,7.4,53054,92.4,0,NC,11.0
1909,37069,1.0,60619,31029,6.8,57371,100.0,0,NC,2.0
1910,37071,1.0,206086,109526,8.0,56542,98.5,0,NC,6.0
1911,37073,1.0,12197,5069,5.7,54204,94.5,0,NC,0.0
1915,37081,2.0,488406,256997,8.6,55820,97.3,0,NC,12.0
1919,37089,2.0,106740,52454,6.9,61651,107.4,0,NC,11.0
1923,37097,1.0,159437,88855,7.3,68308,119.0,0,NC,6.0
1925,37101,1.0,168878,98297,6.3,62835,109.5,0,NC,2.0
1929,37109,1.0,78265,43262,6.6,70479,122.8,0,NC,3.0
1934,37119,1.0,919628,617543,7.8,69455,121.0,0,NC,47.0
1937,37125,4.0,88247,40734,7.2,63942,111.4,0,NC,4.0
1939,37129,2.0,202667,120839,7.3,57252,99.8,0,NC,19.0
1942,37135,2.0,133801,77808,5.4,74314,129.5,0,NC,9.0
1945,37141,2.0,52217,28001,6.6,60405,105.3,0,NC,0.0
1964,37179,1.0,201292,121173,6.0,86138,150.1,0,NC,3.0
1966,37183,1.0,900993,584088,6.4,84377,147.0,0,NC,43.0
1982,38015,3.0,81308,50588,4.4,73565,109.1,0,ND,6.0
1983,38017,3.0,149778,104926,4.4,63977,94.9,0,ND,5.0
2001,38053,9.0,6360,9367,7.6,86890,128.9,0,ND,1.0
2003,38057,7.0,8424,3616,5.8,83341,123.6,0,ND,0.0
2004,38059,3.0,27471,16746,5.1,68051,101.0,0,ND,2.0
2007,38065,3.0,1846,882,5.2,72919,108.2,0,ND,0.0
2012,38075,9.0,2470,1225,4.9,84986,126.1,0,ND,0.0
2025,38101,5.0,61675,31847,6.0,68634,101.8,0,ND,1.0
2027,38105,7.0,22398,23001,9.6,84606,125.5,0,ND,0.0
2033,39011,4.0,45949,24698,6.9,64227,109.4,0,OH,1.0
2035,39015,1.0,44846,19407,8.2,58441,99.6,0,OH,2.0
2036,39017,1.0,368130,194077,7.2,68611,116.9,0,OH,9.0
2040,39025,1.0,197363,106237,6.9,68724,117.1,0,OH,2.0
2045,39035,1.0,1280122,592890,10.4,52503,89.4,0,OH,39.0
2047,39039,4.0,39037,17908,8.2,60918,103.8,0,OH,2.0
2048,39041,1.0,174214,111352,5.3,110252,187.8,0,OH,9.0
2050,39045,1.0,146156,78604,6.6,71782,122.3,0,OH,5.0
2052,39049,1.0,1163414,705149,7.4,64648,110.1,0,OH,48.0
2053,39051,2.0,42698,21991,7.9,64334,109.6,0,OH,2.0
2055,39055,1.0,93389,46329,6.7,79865,136.0,0,OH,1.0
2056,39057,2.0,161573,82640,6.4,69709,118.7,0,OH,6.0
2058,39061,1.0,802374,415866,7.8,60251,102.6,0,OH,41.0
2059,39063,4.0,74782,41803,6.8,62720,106.8,0,OH,3.0
2069,39083,4.0,60921,31244,6.2,59957,102.1,0,OH,3.0
2070,39085,1.0,230041,120876,8.4,65040,110.8,0,OH,4.0
2072,39089,1.0,166492,90688,6.5,66321,113.0,0,OH,9.0
2074,39093,1.0,301356,149061,9.9,59201,100.8,0,OH,5.0
2076,39097,1.0,43435,20834,5.9,65696,111.9,0,OH,1.0
2079,39103,1.0,172332,93378,7.6,78540,133.8,0,OH,10.0
2082,39109,2.0,102506,54163,7.0,63524,108.2,0,OH,1.0
2084,39113,2.0,535153,253421,8.6,54704,93.2,0,OH,16.0
2086,39117,1.0,34827,16890,7.1,59498,101.4,0,OH,1.0
2089,39123,4.0,41428,20729,9.1,63352,107.9,0,OH,4.0
2092,39129,1.0,55698,26523,6.8,63931,108.9,0,OH,0.0
2094,39133,2.0,161419,85783,7.3,57439,97.8,0,OH,4.0
2096,39137,6.0,34499,18720,5.6,73454,125.1,0,OH,1.0
2102,39149,4.0,49423,24162,7.7,64304,109.5,0,OH,0.0
2103,39151,2.0,375586,184149,8.1,55623,94.8,0,OH,12.0
2104,39153,2.0,541781,270407,8.2,57753,98.4,0,OH,20.0
2107,39159,1.0,52300,29408,5.8,91597,156.0,0,OH,3.0
2110,39165,1.0,212693,118838,6.4,91645,156.1,0,OH,7.0
2112,39169,4.0,114520,60568,5.9,58747,100.1,0,OH,1.0
2114,39173,2.0,125488,69444,7.1,64723,110.3,0,OH,7.0
2124,40017,1.0,115541,76026,6.0,75111,138.0,0,OK,0.0
2129,40027,1.0,255755,142684,5.6,64706,118.8,0,OK,5.0
2134,40037,2.0,69967,31327,6.5,54737,100.5,0,OK,0.0
2141,40051,1.0,52431,26633,6.1,63647,116.9,0,OK,1.0
2152,40073,6.0,15034,8808,4.3,68839,126.4,0,OK,1.0
2156,40081,1.0,34273,15609,5.6,51012,93.7,0,OK,0.0
2157,40083,1.0,41848,22207,5.1,66625,122.4,0,OK,0.0
2159,40087,1.0,34506,19882,5.5,75009,137.8,0,OK,0.0
2170,40109,1.0,718633,385860,6.4,56272,103.4,0,OK,23.0
2181,40131,2.0,86905,44897,5.8,67054,123.2,0,OK,0.0
2187,40143,2.0,603403,324010,6.6,57668,105.9,0,OK,17.0
2188,40145,2.0,73085,38146,5.8,65191,119.7,0,OK,0.0
2189,40147,4.0,50976,22360,5.9,62515,114.8,0,OK,2.0
2192,40153,7.0,20081,8998,6.7,73253,134.5,0,OK,0.0
2194,41003,3.0,85579,46257,5.6,69148,103.3,0,OR,6.0
2195,41005,1.0,375992,218040,7.2,80539,120.3,0,OR,18.0
2197,41009,1.0,49351,24061,7.9,72285,108.0,0,OR,2.0
2201,41017,3.0,157733,97975,7.9,71880,107.4,0,OR,34.0
2216,41047,2.0,315335,163017,6.9,64058,95.7,0,OR,12.0
2218,41051,1.0,735334,457372,8.6,72469,108.2,0,OR,77.0
2219,41053,2.0,75403,40205,6.6,69757,104.2,0,OR,2.0
2226,41067,1.0,529710,321579,6.5,85665,127.9,0,OR,21.0
2228,41071,1.0,99193,54221,6.8,71815,107.3,0,OR,10.0
2229,42001,3.0,101407,54035,6.9,67706,106.7,0,PA,5.0
2230,42003,1.0,1223348,635957,9.0,64799,102.1,0,PA,48.0
2232,42007,1.0,170539,82963,10.3,60323,95.1,0,PA,4.0
2234,42011,2.0,411442,211486,9.5,67418,106.2,0,PA,10.0
2237,42017,1.0,625249,338801,8.3,93587,147.5,0,PA,20.0
2238,42019,1.0,183862,97152,7.9,72576,114.4,0,PA,14.0
2242,42027,3.0,153990,76416,5.8,61036,96.2,0,PA,6.0
2243,42029,1.0,498886,280096,6.4,102233,161.1,0,PA,28.0
2249,42041,2.0,235406,130651,6.7,75269,118.6,0,PA,16.0
2250,42043,2.0,268100,144428,8.8,60763,95.8,0,PA,14.0
2251,42045,1.0,558979,294706,9.1,76783,121.0,0,PA,7.0
2256,42055,3.0,149618,77184,7.6,62699,98.8,0,PA,4.0
2264,42071,2.0,519445,281736,7.5,67515,106.4,0,PA,27.0
2266,42075,3.0,133568,71763,7.9,61560,97.0,0,PA,3.0
2267,42077,2.0,349497,191388,9.6,65436,103.1,0,PA,12.0
2274,42091,1.0,799874,446961,7.6,92340,145.5,0,PA,37.0
2275,42093,3.0,18267,9043,6.1,65534,103.3,0,PA,2.0
2276,42095,2.0,297735,158928,9.0,73780,116.3,0,PA,11.0
2278,42099,2.0,45969,24128,6.8,65401,103.1,0,PA,3.0
2280,42103,1.0,57369,24852,10.6,66595,104.9,0,PA,1.0
2288,42119,4.0,44947,19314,6.8,61306,96.6,0,PA,2.0
2291,42125,1.0,207820,105089,9.4,65558,103.3,0,PA,5.0
2293,42129,1.0,365169,176723,9.1,59407,93.6,0,PA,15.0
2295,42133,2.0,434972,232812,8.0,69101,108.9,0,PA,24.0
2296,44001,1.0,49875,24895,7.6,87926,124.9,0,RI,2.0
2297,44003,1.0,166158,88283,8.7,74230,105.5,0,RI,4.0
2298,44005,1.0,82888,42502,8.2,80862,114.9,0,RI,5.0
2299,44007,1.0,626667,320264,10.2,62165,88.3,0,RI,17.0
2300,44009,1.0,126979,65736,7.8,86450,122.8,0,RI,6.0
2302,45003,2.0,160099,75531,5.0,56824,100.8,0,SC,1.0
2304,45007,2.0,187126,90877,5.9,54496,96.7,0,SC,1.0
2307,45013,3.0,162233,77127,5.4,73890,131.1,0,SC,5.0
2308,45015,2.0,177843,104916,5.6,68690,121.9,0,SC,1.0
2310,45019,2.0,350209,211939,6.3,70980,125.9,0,SC,26.0
2318,45035,2.0,136555,77693,5.8,68051,120.7,0,SC,2.0
2323,45045,2.0,451225,255984,5.7,64399,114.3,0,SC,19.0
2328,45055,2.0,61697,29490,5.3,56318,99.9,0,SC,0.0
2329,45057,1.0,76652,42533,6.9,63842,113.3,0,SC,2.0
2332,45063,2.0,262391,150439,4.4,62059,110.1,0,SC,5.0
2339,45077,2.0,119224,57109,5.3,52949,93.9,0,SC,1.0
2340,45079,2.0,384504,199718,5.8,52905,93.9,0,SC,7.0
2342,45083,2.0,284307,158701,6.6,55588,98.6,0,SC,4.0
2346,45091,1.0,226073,143890,6.1,68468,121.5,0,SC,9.0
2362,46033,3.0,8216,4077,6.0,63665,105.4,0,SD,1.0
2376,46061,8.0,3331,1750,5.2,78478,129.9,0,SD,0.0
2387,46083,3.0,44828,35711,3.6,86235,142.7,0,SD,1.0
2389,46087,3.0,5618,3076,3.7,62535,103.5,0,SD,0.0
2392,46093,3.0,25434,13918,4.9,59981,99.3,0,SD,2.0
2395,46099,3.0,169468,113168,4.5,63162,104.5,0,SD,11.0
2397,46103,3.0,100948,57094,5.3,58919,97.5,0,SD,8.0
2407,46125,3.0,8347,4650,3.9,63852,105.7,0,SD,0.0
2408,46127,3.0,14399,8522,5.1,83910,138.9,0,SD,0.0
2416,47009,2.0,123010,63505,6.4,59368,105.9,0,TN,3.0
2419,47015,1.0,13801,6506,6.5,52960,94.5,0,TN,0.0
2422,47021,1.0,39105,21313,5.6,62786,112.0,0,TN,2.0
2430,47037,1.0,626681,402058,8.0,63846,113.9,0,TN,25.0
2433,47043,1.0,49666,26354,5.9,59126,105.5,0,TN,2.0
2435,47047,1.0,38413,18987,6.4,67345,120.2,0,TN,0.0
2444,47065,2.0,336463,182352,7.1,57802,103.1,0,TN,14.0
2458,47093,2.0,432226,242643,5.9,60316,107.6,0,TN,24.0
2464,47105,2.0,48556,23572,6.4,65226,116.4,0,TN,0.0
2471,47119,1.0,80956,49915,8.1,66434,118.5,0,TN,3.0
2474,47125,2.0,172331,86234,7.6,57606,102.8,0,TN,7.0
2485,47147,1.0,66283,37300,6.1,65790,117.4,0,TN,0.0
2486,47149,1.0,262604,184368,6.9,69614,124.2,0,TN,5.0
2490,47157,1.0,927644,447769,9.7,52659,94.0,0,TN,13.0
2491,47159,1.0,19166,9259,6.0,54570,97.4,0,TN,0.0
2494,47165,1.0,160645,102069,6.5,69391,123.8,0,TN,1.0
2495,47167,1.0,61081,27498,6.9,61436,109.6,0,TN,0.0
2505,47187,1.0,183182,126997,4.8,119637,213.5,0,TN,3.0
2506,47189,1.0,113993,76694,6.3,80080,142.9,0,TN,0.0
2508,48003,6.0,14786,9220,8.2,74918,117.0,0,TX,0.0
2511,48009,3.0,9054,3911,5.3,63731,99.5,0,TX,0.0
2512,48011,2.0,1901,914,4.3,64424,100.6,0,TX,0.0
2514,48015,1.0,28417,13638,6.6,68311,106.7,0,TX,1.0
2516,48019,1.0,20485,9835,5.8,59604,93.1,0,TX,1.0
2517,48021,1.0,74171,42573,6.0,62627,97.8,0,TX,1.0
2526,48039,1.0,313166,177709,8.6,83704,130.7,0,TX,4.0
2532,48051,3.0,17187,8180,6.3,61745,96.4,0,TX,1.0
2539,48065,2.0,6182,2930,4.2,69760,108.9,0,TX,0.0
2542,48071,1.0,35096,19836,9.5,93351,145.8,0,TX,0.0
2545,48077,3.0,10752,4793,5.5,59983,93.7,0,TX,0.0
2549,48085,1.0,782341,570623,6.3,96847,151.2,0,TX,7.0
2552,48091,1.0,108472,74950,6.2,87976,137.4,0,TX,6.0
2567,48121,1.0,662614,503962,6.5,90910,141.9,0,TX,7.0
2574,48135,3.0,137130,82852,11.0,65564,102.4,0,TX,0.0
2576,48139,1.0,149610,93578,6.0,78341,122.3,0,TX,2.0
2585,48157,1.0,585375,394948,7.7,101361,158.3,0,TX,5.0
2590,48167,1.0,291309,164608,8.7,73214,114.3,0,TX,6.0
2593,48173,8.0,1226,797,3.6,93759,146.4,0,TX,0.0
2600,48187,1.0,131533,80610,6.1,78801,123.0,0,TX,2.0
2606,48199,2.0,54635,25019,9.0,62616,97.8,0,TX,0.0
2611,48209,1.0,157107,121304,6.3,72890,113.8,0,TX,16.0
2617,48221,1.0,51182,27578,6.6,74534,116.4,0,TX,1.0
2622,48231,1.0,86129,43506,6.5,57513,89.8,0,TX,0.0
2624,48235,3.0,1599,752,6.0,68630,107.2,0,TX,0.0
2632,48251,1.0,150934,82931,6.5,66538,103.9,0,TX,0.0
2635,48257,1.0,103350,67263,6.5,75009,117.1,0,TX,1.0
2636,48259,1.0,33410,22123,5.0,94899,148.2,0,TX,6.0
2647,48281,2.0,19677,9041,5.4,58817,91.8,0,TX,0.0
2657,48301,9.0,82,289,1.7,88487,138.2,0,TX,0.0
2658,48303,2.0,278831,156625,5.7,54733,85.5,0,TX,6.0
2665,48317,3.0,4799,2546,6.1,68745,107.3,0,TX,0.0
2669,48325,1.0,46006,21461,6.3,60695,94.8,0,TX,0.0
2671,48329,3.0,136872,98237,8.1,85811,134.0,0,TX,1.0
2676,48339,1.0,455746,284994,7.5,88833,138.7,0,TX,8.0
2686,48359,2.0,2052,890,3.9,59404,92.8,0,TX,0.0
2690,48367,1.0,116927,68141,5.9,82501,128.8,0,TX,2.0
2697,48381,2.0,120725,72380,4.5,70694,110.4,0,TX,3.0
2705,48397,1.0,78337,53209,6.0,105763,165.1,0,TX,4.0
2718,48423,3.0,209714,108544,6.8,59538,93.0,0,TX,3.0
2719,48425,1.0,8490,4328,6.5,67897,106.0,0,TX,0.0
2733,48453,1.0,1024266,741012,6.3,80690,126.0,0,TX,47.0
2743,48473,1.0,43205,23804,7.8,61822,96.5,0,TX,1.0
2752,48491,1.0,422679,318447,5.9,92661,144.7,0,TX,12.0
2753,48493,1.0,42918,24473,5.7,76905,120.1,0,TX,1.0
2755,48497,1.0,59127,32140,6.5,70468,110.0,0,TX,1.0
2762,49003,2.0,49975,26424,4.4,69380,91.6,0,UT,0.0
2766,49011,2.0,306479,175905,4.1,87610,115.7,0,UT,1.0
2772,49023,2.0,10246,5881,2.9,66056,87.3,0,UT,0.0
2775,49029,2.0,9469,5561,3.3,101943,134.7,0,UT,0.0
2778,49035,1.0,1029655,642357,5.1,79941,105.6,0,UT,24.0
2782,49043,4.0,36324,24314,7.2,112482,148.6,0,UT,2.0
2783,49045,1.0,58218,35084,4.8,80196,105.9,0,UT,1.0
2785,49049,2.0,516564,314022,3.7,79505,105.0,0,UT,2.0
2786,49051,6.0,23530,16269,6.4,92136,121.7,0,UT,1.0
2787,49053,3.0,138115,79208,5.3,64388,85.1,0,UT,2.0
2789,49057,2.0,231236,129907,4.8,71835,94.9,0,UT,6.0
2790,50001,6.0,36821,19936,5.0,73574,116.2,0,VT,4.0
2793,50007,3.0,156545,93110,4.8,76483,120.8,0,VT,19.0
2795,50011,3.0,47746,26329,5.3,65056,102.8,0,VT,3.0
2796,50013,3.0,6970,4003,5.9,68364,108.0,0,VT,1.0
2801,50023,4.0,59534,33025,4.8,65879,104.1,0,VT,7.0
2805,51003,3.0,98970,55794,5.4,86332,112.9,0,VA,1.0
2810,51013,1.0,207627,151080,4.5,118986,155.6,0,VA,1.0
2813,51019,2.0,68676,37737,5.1,66591,87.1,0,VA,0.0
2815,51023,2.0,33148,17140,4.5,74178,97.0,0,VA,0.0
2820,51033,1.0,28545,15004,6.7,64647,84.5,0,VA,1.0
2824,51041,1.0,316236,186087,5.9,81641,106.8,0,VA,2.0
2825,51043,1.0,14034,7498,4.5,85567,111.9,0,VA,0.0
2827,51047,1.0,46689,24511,5.0,79739,104.3,0,VA,2.0
2832,51059,1.0,1081726,628397,5.8,127898,167.3,0,VA,5.0
2833,51061,1.0,65203,36812,4.7,103827,135.8,0,VA,5.0
2835,51065,3.0,25691,13723,5.3,75089,98.2,0,VA,0.0
2836,51067,2.0,56159,25985,5.5,61878,80.9,0,VA,89.0
2837,51069,3.0,78305,48636,4.6,83672,109.4,0,VA,1.0
2839,51073,1.0,36858,19249,5.4,71715,93.8,0,VA,1.0
2840,51075,1.0,21717,11142,4.9,100444,131.3,0,VA,0.0
2842,51079,3.0,18403,10198,5.2,73345,95.9,0,VA,1.0
2845,51085,1.0,99863,57934,4.8,90824,118.8,0,VA,3.0
2846,51087,1.0,306935,180321,6.5,68975,90.2,0,VA,13.0
2849,51093,1.0,35270,19092,5.1,78749,103.0,0,VA,1.0
2850,51095,1.0,67009,36558,6.9,92773,121.3,0,VA,3.0
2852,51099,6.0,23584,13819,4.5,85657,112.0,0,VA,0.0
2853,51101,1.0,15935,9067,5.4,73035,95.5,0,VA,0.0
2856,51107,1.0,312311,223194,5.3,151806,198.5,0,VA,35.0
2860,51115,1.0,8978,4052,4.9,69112,90.4,0,VA,0.0
2865,51127,1.0,18429,12503,4.6,102619,134.2,0,VA,1.0
2873,51145,1.0,28046,13976,4.8,94293,123.3,0,VA,2.0
2875,51149,1.0,35725,14897,6.5,74518,97.4,0,VA,0.0
2876,51153,1.0,402002,245929,6.5,106208,138.9,0,VA,8.0
2878,51157,1.0,7373,3688,4.5,79086,103.4,0,VA,3.0
2880,51161,2.0,92376,48720,5.1,71742,93.8,0,VA,1.0
2882,51165,3.0,76314,41525,4.7,67242,87.9,0,VA,1.0
2888,51177,1.0,122397,67201,6.0,90262,118.0,0,VA,1.0
2889,51179,1.0,128961,72341,5.7,109090,142.7,0,VA,1.0
2893,51187,1.0,37575,20258,5.8,69878,91.4,0,VA,0.0
2898,51199,1.0,65464,32390,5.6,91535,119.7,0,VA,4.0
2899,51510,1.0,139966,100168,6.0,102589,134.2,0,VA,4.0
2903,51550,1.0,222209,122036,6.1,77361,101.2,0,VA,0.0
2908,51600,1.0,22565,13038,5.6,106430,139.2,0,VA,0.0
2909,51610,1.0,12332,8284,3.8,137849,180.3,0,VA,0.0
2929,51800,1.0,84585,44546,6.5,77847,101.8,0,VA,1.0
2930,51810,1.0,437994,230322,6.2,78491,102.6,0,VA,14.0
2936,53005,2.0,175177,103143,8.2,72847,92.6,0,WA,10.0
2939,53011,1.0,425363,242578,8.5,80407,102.2,0,WA,31.0
2948,53029,4.0,78506,36303,8.3,72173,91.7,0,WA,4.0
2951,53035,2.0,251133,129092,7.7,79268,100.8,0,WA,18.0
2960,53053,1.0,795225,450196,9.6,78779,100.1,0,WA,39.0
2963,53059,1.0,11066,5515,9.2,69163,87.9,0,WA,3.0
2964,53061,1.0,713335,441156,8.5,89119,113.3,0,WA,45.0
2967,53067,2.0,252264,144312,8.3,77890,99.0,0,WA,15.0
2970,53073,3.0,201140,114716,9.3,68656,87.3,0,WA,19.0
2974,54003,2.0,104169,58337,6.2,63012,129.5,0,WV,0.0
2986,54027,3.0,23964,10847,5.5,54811,112.6,0,WV,0.0
2991,54037,1.0,53498,30084,5.9,75225,154.6,0,WV,3.0
3003,54061,3.0,96189,54613,6.3,55652,114.4,0,WV,3.0
3012,54079,2.0,55486,27080,7.4,66991,137.7,0,WV,0.0
3032,55009,2.0,248007,140454,6.0,65494,102.1,0,WI,9.0
3035,55015,3.0,48971,27096,4.7,80354,125.2,0,WI,2.0
3036,55017,3.0,62415,32978,6.2,60713,94.6,0,WI,4.0
3038,55021,2.0,56833,31281,5.9,69219,107.9,0,WI,3.0
3040,55025,2.0,488073,319433,4.8,77828,121.3,0,WI,26.0
3045,55035,3.0,98736,58299,5.5,64972,101.2,0,WI,6.0
3047,55039,3.0,101633,56114,5.9,65905,102.7,0,WI,1.0
3050,55045,2.0,36842,20555,4.8,64319,100.2,0,WI,3.0
3052,55049,2.0,23687,13502,6.1,67390,105.0,0,WI,2.0
3055,55055,4.0,83686,45213,5.4,71098,110.8,0,WI,3.0
3057,55059,1.0,166426,88499,7.1,66460,103.6,0,WI,3.0
3058,55061,2.0,20574,10661,4.6,65879,102.7,0,WI,1.0
3059,55063,3.0,114638,64982,5.4,59758,93.1,0,WI,5.0
3063,55071,4.0,81442,40419,6.2,61326,95.6,0,WI,3.0
3064,55073,3.0,134063,72313,5.0,66092,103.0,0,WI,4.0
3068,55079,1.0,947735,463420,8.2,53505,83.4,0,WI,39.0
3070,55083,2.0,37660,20241,6.3,66401,103.5,0,WI,0.0
3072,55087,3.0,176695,102786,5.5,66994,104.4,0,WI,4.0
3073,55089,1.0,86395,47963,5.4,90446,140.9,0,WI,5.0
3075,55093,1.0,41019,24779,7.0,75368,117.4,0,WI,3.0
3079,55101,3.0,195408,97155,7.3,61691,96.1,0,WI,4.0
3081,55105,3.0,160331,84935,7.1,61624,96.0,0,WI,4.0
3083,55109,1.0,84345,49739,7.1,87098,135.7,0,WI,7.0
3084,55111,4.0,61976,34355,7.5,63752,99.3,0,WI,3.0
3087,55117,3.0,115507,61510,5.7,62108,96.8,0,WI,4.0
3092,55127,4.0,102228,56322,6.1,64682,100.8,0,WI,5.0
3094,55131,1.0,131887,75700,5.6,81928,127.7,0,WI,1.0
3095,55133,1.0,389891,220498,5.6,91070,141.9,0,WI,6.0
3098,55139,3.0,166994,91236,5.4,59643,92.9,0,WI,7.0
3102,56005,5.0,46133,23439,6.9,83997,127.0,0,WY,2.0
3104,56009,6.0,13833,8163,6.0,72481,109.6,0,WY,2.0
3110,56021,3.0,91738,50826,5.1,69613,105.2,0,WY,3.0
3112,56025,3.0,75450,40710,7.8,66104,99.9,0,WY,4.0
3118,56037,5.0,43806,20840,7.4,80639,121.9,0,WY,1.0
3119,56039,7.0,21294,15204,6.0,98837,149.4,0,WY,5.0
